<?xml version="1.0" encoding="UTF-8"?>
<metadata xml:lang="pt"><Esri><CreaDate>20220915</CreaDate><CreaTime>22060000</CreaTime><ArcGISFormat>1.0</ArcGISFormat><SyncOnce>TRUE</SyncOnce><DataProperties><lineage><Process ToolSource="c:\program files (x86)\arcgis\desktop10.7\ArcToolbox\Toolboxes\Spatial Analyst Tools.tbx\ExtractByMask" Date="20220915" Time="220600">ExtractByMask svr_out.tif Perimetro_Piracicaba "C:\EMBRAPA\Dados vetoriais\svr_teste.tif"</Process></lineage></DataProperties></Esri></metadata>
